{
  "IcoMoonType": "selection",
  "icons": [
    {
      "icon": {
        "paths": [
          "M959.884 128c0.040 0.034 0.082 0.076 0.116 0.116v767.77c-0.034 0.040-0.076 0.082-0.116 0.116h-895.77c-0.040-0.034-0.082-0.076-0.114-0.116v-767.772c0.034-0.040 0.076-0.082 0.114-0.114h895.77zM960 64h-896c-35.2 0-64 28.8-64 64v768c0 35.2 28.8 64 64 64h896c35.2 0 64-28.8 64-64v-768c0-35.2-28.8-64-64-64v0z",
          "M832 288c0 53.020-42.98 96-96 96s-96-42.98-96-96 42.98-96 96-96 96 42.98 96 96z",
          "M896 832h-768v-128l224-384 256 320h64l224-192z"
        ],
        "tags": [
          "image",
          "picture",
          "photo",
          "graphic"
        ],
        "defaultCode": 59661,
        "grid": 16,
        "attrs": []
      },
      "attrs": [],
      "properties": {
        "ligatures": "image, picture",
        "name": "image",
        "order": 18,
        "id": 14,
        "prevSize": 32,
        "code": 59661
      },
      "setIdx": 0,
      "setId": 1,
      "iconIdx": 13
    },
    {
      "icon": {
        "paths": [
          "M1024 320l-512-256-512 256 512 256 512-256zM512 148.97l342.058 171.030-342.058 171.030-342.058-171.030 342.058-171.030zM921.444 460.722l102.556 51.278-512 256-512-256 102.556-51.278 409.444 204.722zM921.444 652.722l102.556 51.278-512 256-512-256 102.556-51.278 409.444 204.722z"
        ],
        "tags": [
          "stack",
          "layers"
        ],
        "defaultCode": 59694,
        "grid": 16,
        "attrs": []
      },
      "attrs": [],
      "properties": {
        "ligatures": "stack, layers",
        "name": "stack",
        "order": 42,
        "id": 47,
        "prevSize": 32,
        "code": 59694
      },
      "setIdx": 0,
      "setId": 1,
      "iconIdx": 46
    },
    {
      "icon": {
        "paths": [
          "M704 640c-64 64-64 128-128 128s-128-64-192-128-128-128-128-192 64-64 128-128-128-256-192-256-192 192-192 192c0 128 131.5 387.5 256 512s384 256 512 256c0 0 192-128 192-192s-192-256-256-192z"
        ],
        "tags": [
          "phone",
          "telephone",
          "contact",
          "support",
          "call"
        ],
        "defaultCode": 59714,
        "grid": 16,
        "attrs": []
      },
      "attrs": [],
      "properties": {
        "ligatures": "phone, telephone",
        "name": "phone",
        "order": 19,
        "id": 67,
        "prevSize": 32,
        "code": 59714
      },
      "setIdx": 0,
      "setId": 1,
      "iconIdx": 66
    },
    {
      "icon": {
        "paths": [
          "M512 0c-176.732 0-320 143.268-320 320 0 320 320 704 320 704s320-384 320-704c0-176.732-143.27-320-320-320zM512 512c-106.040 0-192-85.96-192-192s85.96-192 192-192 192 85.96 192 192-85.96 192-192 192z"
        ],
        "tags": [
          "location",
          "map-marker",
          "pin"
        ],
        "defaultCode": 59719,
        "grid": 16,
        "attrs": []
      },
      "attrs": [],
      "properties": {
        "ligatures": "location, map-marker",
        "name": "location",
        "order": 20,
        "id": 72,
        "prevSize": 32,
        "code": 59719
      },
      "setIdx": 0,
      "setId": 1,
      "iconIdx": 71
    },
    {
      "icon": {
        "paths": [
          "M0 64v640h1024v-640h-1024zM960 640h-896v-512h896v512zM672 768h-320l-32 128-64 64h512l-64-64z"
        ],
        "tags": [
          "display",
          "screen",
          "monitor",
          "computer",
          "desktop",
          "pc"
        ],
        "defaultCode": 59734,
        "grid": 16,
        "attrs": []
      },
      "attrs": [],
      "properties": {
        "ligatures": "display, screen",
        "name": "display",
        "order": 21,
        "id": 87,
        "prevSize": 32,
        "code": 59734
      },
      "setIdx": 0,
      "setId": 1,
      "iconIdx": 86
    },
    {
      "icon": {
        "paths": [
          "M896 704v-512c0-35.2-28.8-64-64-64h-640c-35.2 0-64 28.8-64 64v512h-128v192h1024v-192h-128zM640 832h-256v-64h256v64zM832 704h-640v-511.886c0.034-0.040 0.076-0.082 0.114-0.114h639.77c0.040 0.034 0.082 0.076 0.116 0.116v511.884z"
        ],
        "tags": [
          "laptop",
          "computer",
          "pc"
        ],
        "defaultCode": 59735,
        "grid": 16,
        "attrs": []
      },
      "attrs": [],
      "properties": {
        "ligatures": "laptop, computer",
        "name": "laptop",
        "order": 22,
        "id": 88,
        "prevSize": 32,
        "code": 59735
      },
      "setIdx": 0,
      "setId": 1,
      "iconIdx": 87
    },
    {
      "icon": {
        "paths": [
          "M736 0h-448c-52.8 0-96 43.2-96 96v832c0 52.8 43.2 96 96 96h448c52.8 0 96-43.2 96-96v-832c0-52.8-43.2-96-96-96zM384 48h256v32h-256v-32zM512 960c-35.346 0-64-28.654-64-64s28.654-64 64-64 64 28.654 64 64-28.654 64-64 64zM768 768h-512v-640h512v640z"
        ],
        "tags": [
          "mobile",
          "cell-phone",
          "handheld"
        ],
        "defaultCode": 59736,
        "grid": 16,
        "attrs": []
      },
      "attrs": [],
      "properties": {
        "ligatures": "mobile, cell-phone",
        "name": "mobile",
        "order": 23,
        "id": 89,
        "prevSize": 32,
        "code": 59736
      },
      "setIdx": 0,
      "setId": 1,
      "iconIdx": 88
    },
    {
      "icon": {
        "paths": [
          "M768 0h-576c-35.2 0-64 28.798-64 64v896c0 35.2 28.798 64 64 64h576c35.2 0 64-28.8 64-64v-896c0-35.202-28.8-64-64-64zM480 977.782c-27.492 0-49.782-22.29-49.782-49.782s22.29-49.782 49.782-49.782 49.782 22.29 49.782 49.782-22.29 49.782-49.782 49.782zM768 832h-576v-704h576v704z"
        ],
        "tags": [
          "mobile",
          "cell-phone",
          "handheld",
          "tablet",
          "phablet"
        ],
        "defaultCode": 59737,
        "grid": 16,
        "attrs": []
      },
      "attrs": [],
      "properties": {
        "ligatures": "mobile2, cell-phone2",
        "name": "mobile2",
        "order": 24,
        "id": 90,
        "prevSize": 32,
        "code": 59737
      },
      "setIdx": 0,
      "setId": 1,
      "iconIdx": 89
    },
    {
      "icon": {
        "paths": [
          "M800 0h-640c-52.8 0-96 43.2-96 96v832c0 52.8 43.2 96 96 96h640c52.8 0 96-43.2 96-96v-832c0-52.8-43.2-96-96-96zM480 992c-17.672 0-32-14.326-32-32s14.328-32 32-32 32 14.326 32 32-14.328 32-32 32zM768 896h-576v-768h576v768z"
        ],
        "tags": [
          "tablet",
          "mobile"
        ],
        "defaultCode": 59738,
        "grid": 16,
        "attrs": []
      },
      "attrs": [],
      "properties": {
        "ligatures": "tablet, mobile3",
        "name": "tablet",
        "order": 25,
        "id": 91,
        "prevSize": 32,
        "code": 59738
      },
      "setIdx": 0,
      "setId": 1,
      "iconIdx": 90
    },
    {
      "icon": {
        "paths": [
          "M192 896h640c106.038 0 192-85.96 192-192h-1024c0 106.040 85.962 192 192 192zM832 768h64v64h-64v-64zM960 128h-896l-64 512h1024z"
        ],
        "tags": [
          "drive",
          "save",
          "hdd",
          "hard-disk"
        ],
        "defaultCode": 59747,
        "grid": 16,
        "attrs": []
      },
      "attrs": [],
      "properties": {
        "ligatures": "drive, save3",
        "name": "drive",
        "order": 27,
        "id": 100,
        "prevSize": 32,
        "code": 59747
      },
      "setIdx": 0,
      "setId": 1,
      "iconIdx": 99
    },
    {
      "icon": {
        "paths": [
          "M512 0c-282.77 0-512 71.634-512 160v128c0 88.366 229.23 160 512 160s512-71.634 512-160v-128c0-88.366-229.23-160-512-160z",
          "M512 544c-282.77 0-512-71.634-512-160v192c0 88.366 229.23 160 512 160s512-71.634 512-160v-192c0 88.366-229.23 160-512 160z",
          "M512 832c-282.77 0-512-71.634-512-160v192c0 88.366 229.23 160 512 160s512-71.634 512-160v-192c0 88.366-229.23 160-512 160z"
        ],
        "tags": [
          "database",
          "db",
          "server",
          "host",
          "storage",
          "save",
          "datecenter"
        ],
        "defaultCode": 59748,
        "grid": 16,
        "attrs": []
      },
      "attrs": [],
      "properties": {
        "ligatures": "database, db",
        "name": "database",
        "order": 26,
        "id": 101,
        "prevSize": 32,
        "code": 59748
      },
      "setIdx": 0,
      "setId": 1,
      "iconIdx": 100
    },
    {
      "icon": {
        "paths": [
          "M512 192c-54.932 0-107.988 8.662-157.694 25.742-46.712 16.054-88.306 38.744-123.628 67.444-66.214 53.798-102.678 122.984-102.678 194.814 0 40.298 11.188 79.378 33.252 116.152 22.752 37.92 56.982 72.586 98.988 100.252 30.356 19.992 50.78 51.948 56.176 87.894 1.8 11.984 2.928 24.088 3.37 36.124 7.47-6.194 14.75-12.846 21.88-19.976 24.154-24.152 56.78-37.49 90.502-37.49 5.368 0 10.762 0.336 16.156 1.024 20.974 2.666 42.398 4.020 63.676 4.020 54.934 0 107.988-8.66 157.694-25.742 46.712-16.054 88.306-38.744 123.628-67.444 66.214-53.796 102.678-122.984 102.678-194.814s-36.464-141.016-102.678-194.814c-35.322-28.698-76.916-51.39-123.628-67.444-49.706-17.080-102.76-25.742-157.694-25.742zM512 64v0c282.77 0 512 186.25 512 416 0 229.752-229.23 416-512 416-27.156 0-53.81-1.734-79.824-5.044-109.978 109.978-241.25 129.7-368.176 132.596v-26.916c68.536-33.578 128-94.74 128-164.636 0-9.754-0.758-19.33-2.164-28.696-115.796-76.264-189.836-192.754-189.836-323.304 0-229.75 229.23-416 512-416z"
        ],
        "tags": [
          "bubble",
          "comment",
          "chat",
          "talk"
        ],
        "defaultCode": 59758,
        "grid": 16,
        "attrs": []
      },
      "attrs": [],
      "properties": {
        "ligatures": "bubble2, comment2",
        "name": "bubble2",
        "order": 45,
        "id": 111,
        "prevSize": 32,
        "code": 59758
      },
      "setIdx": 0,
      "setId": 1,
      "iconIdx": 110
    },
    {
      "icon": {
        "width": 1152,
        "paths": [
          "M1088 901.166c0 45.5 26.028 84.908 64 104.184v15.938c-10.626 1.454-21.472 2.224-32.5 2.224-68.008 0-129.348-28.528-172.722-74.264-26.222 6.982-54.002 10.752-82.778 10.752-159.058 0-288-114.616-288-256s128.942-256 288-256c159.058 0 288 114.616 288 256 0 55.348-19.764 106.592-53.356 148.466-6.824 14.824-10.644 31.312-10.644 48.7zM230.678 221.186c-66.214 53.798-102.678 122.984-102.678 194.814 0 40.298 11.188 79.378 33.252 116.15 22.752 37.92 56.982 72.586 98.988 100.252 30.356 19.992 50.78 51.948 56.176 87.894 1.8 11.984 2.928 24.088 3.37 36.124 7.47-6.194 14.75-12.846 21.88-19.976 24.154-24.152 56.78-37.49 90.502-37.49 5.368 0 10.762 0.336 16.156 1.024 20.948 2.662 42.344 4.016 63.594 4.020v128c-27.128-0.002-53.754-1.738-79.742-5.042-109.978 109.978-241.25 129.7-368.176 132.596v-26.916c68.536-33.578 128-94.74 128-164.636 0-9.754-0.758-19.33-2.164-28.696-115.796-76.264-189.836-192.754-189.836-323.304 0-229.75 229.23-416 512-416 278.458 0 504.992 180.614 511.836 405.52-41.096-18.316-85.84-29.422-132.262-32.578-11.53-56.068-45.402-108.816-98.252-151.756-35.322-28.698-76.916-51.39-123.628-67.444-49.706-17.080-102.76-25.742-157.694-25.742-54.932 0-107.988 8.662-157.694 25.742-46.712 16.054-88.306 38.744-123.628 67.444z"
        ],
        "tags": [
          "bubbles",
          "comments",
          "chat",
          "talk"
        ],
        "defaultCode": 59759,
        "grid": 16,
        "attrs": []
      },
      "attrs": [],
      "properties": {
        "ligatures": "bubbles3, comments3",
        "name": "bubbles3",
        "order": 44,
        "id": 112,
        "prevSize": 32,
        "code": 59759
      },
      "setIdx": 0,
      "setId": 1,
      "iconIdx": 111
    },
    {
      "icon": {
        "paths": [
          "M728.992 512c137.754-87.334 231.008-255.208 231.008-448 0-21.676-1.192-43.034-3.478-64h-889.042c-2.29 20.968-3.48 42.326-3.48 64 0 192.792 93.254 360.666 231.006 448-137.752 87.334-231.006 255.208-231.006 448 0 21.676 1.19 43.034 3.478 64h889.042c2.288-20.966 3.478-42.324 3.478-64 0.002-192.792-93.252-360.666-231.006-448zM160 960c0-186.912 80.162-345.414 224-397.708v-100.586c-143.838-52.29-224-210.792-224-397.706v0h704c0 186.914-80.162 345.416-224 397.706v100.586c143.838 52.294 224 210.796 224 397.708h-704zM619.626 669.594c-71.654-40.644-75.608-93.368-75.626-125.366v-64.228c0-31.994 3.804-84.914 75.744-125.664 38.504-22.364 71.808-56.348 97.048-98.336h-409.582c25.266 42.032 58.612 76.042 97.166 98.406 71.654 40.644 75.606 93.366 75.626 125.366v64.228c0 31.992-3.804 84.914-75.744 125.664-72.622 42.18-126.738 125.684-143.090 226.336h501.67c-16.364-100.708-70.53-184.248-143.212-226.406z"
        ],
        "tags": [
          "hour-glass",
          "loading",
          "busy",
          "wait"
        ],
        "defaultCode": 59769,
        "grid": 16,
        "attrs": []
      },
      "attrs": [],
      "properties": {
        "ligatures": "hour-glass, loading",
        "name": "hour-glass",
        "order": 28,
        "id": 122,
        "prevSize": 32,
        "code": 59769
      },
      "setIdx": 0,
      "setId": 1,
      "iconIdx": 121
    },
    {
      "icon": {
        "paths": [
          "M0.042 513.618l-0.022 0.004c0 0 0.012 0.090 0.028 0.222 0.11 3.878 0.55 7.676 1.322 11.352 0.204 1.746 0.428 3.66 0.674 5.774 0.222 1.886 0.46 3.914 0.718 6.078 0.374 2.566 0.77 5.292 1.19 8.176 0.856 5.746 1.8 12.124 2.908 18.958 1.348 6.446 2.804 13.414 4.364 20.864 0.71 3.718 1.776 7.504 2.786 11.406 1.024 3.89 2.078 7.894 3.16 12.004 0.566 2.042 1.040 4.132 1.708 6.208 0.656 2.074 1.32 4.176 1.988 6.3 1.348 4.234 2.726 8.566 4.136 12.988 0.352 1.106 0.708 2.21 1.064 3.324 0.408 1.102 0.814 2.208 1.226 3.316 0.826 2.218 1.658 4.458 2.502 6.714 1.696 4.496 3.422 9.078 5.18 13.742 1.968 4.566 3.97 9.214 6.004 13.934 1.018 2.348 2.044 4.714 3.078 7.098 1.048 2.376 2.27 4.704 3.408 7.074 2.322 4.714 4.678 9.496 7.062 14.332 2.47 4.786 5.208 9.512 7.846 14.328 1.336 2.398 2.68 4.808 4.028 7.23 1.368 2.41 2.902 4.75 4.356 7.14 2.95 4.738 5.93 9.524 8.934 14.348 12.64 18.894 26.676 37.566 42.21 55.278 15.712 17.578 32.726 34.25 50.692 49.602 18.18 15.136 37.264 28.902 56.726 41.114 19.604 12.036 39.644 22.312 59.376 31.144 5.004 2.040 9.964 4.062 14.878 6.066 2.462 0.972 4.868 2.032 7.336 2.918 2.47 0.868 4.93 1.734 7.376 2.594 4.898 1.684 9.678 3.468 14.484 4.992 4.832 1.43 9.604 2.844 14.312 4.242 2.356 0.672 4.66 1.426 7.004 2.012 2.346 0.574 4.676 1.14 6.986 1.704 4.606 1.118 9.142 2.214 13.604 3.296 4.5 0.868 8.926 1.722 13.27 2.558 2.166 0.41 4.31 0.82 6.434 1.222 1.062 0.2 2.118 0.398 3.166 0.598 1.060 0.148 2.118 0.292 3.166 0.442 4.192 0.582 8.292 1.152 12.3 1.71 1.998 0.274 3.972 0.546 5.922 0.816 1.946 0.286 3.904 0.378 5.814 0.57 3.822 0.336 7.544 0.664 11.164 0.98 3.616 0.304 7.104 0.688 10.526 0.738 0.23 0.008 0.452 0.016 0.682 0.026 0.614 34.812 29.008 62.846 63.968 62.846 0.542 0 1.080-0.028 1.62-0.042v0.022c0 0 0.090-0.012 0.224-0.028 3.878-0.11 7.674-0.55 11.35-1.322 1.748-0.204 3.662-0.426 5.776-0.672 1.884-0.222 3.912-0.462 6.076-0.718 2.566-0.376 5.292-0.772 8.176-1.192 5.746-0.856 12.124-1.8 18.958-2.908 6.446-1.348 13.414-2.804 20.864-4.362 3.718-0.712 7.504-1.778 11.406-2.786 3.892-1.026 7.894-2.080 12.004-3.162 2.044-0.566 4.132-1.040 6.208-1.708 2.074-0.656 4.174-1.318 6.3-1.988 4.232-1.348 8.564-2.726 12.988-4.134 1.104-0.354 2.21-0.708 3.324-1.066 1.1-0.406 2.206-0.814 3.316-1.226 2.216-0.824 4.456-1.658 6.714-2.5 4.496-1.698 9.078-3.424 13.74-5.182 4.568-1.968 9.216-3.97 13.936-6.004 2.348-1.018 4.714-2.044 7.098-3.078 2.376-1.048 4.702-2.27 7.074-3.408 4.714-2.322 9.494-4.678 14.33-7.062 4.786-2.47 9.512-5.208 14.328-7.846 2.398-1.336 4.808-2.678 7.23-4.028 2.41-1.366 4.75-2.9 7.14-4.354 4.738-2.952 9.524-5.93 14.35-8.936 18.89-12.64 37.564-26.674 55.278-42.21 17.574-15.712 34.248-32.726 49.602-50.69 15.136-18.182 28.902-37.264 41.112-56.728 12.036-19.602 22.314-39.644 31.142-59.376 2.042-5.002 4.062-9.964 6.068-14.878 0.974-2.462 2.032-4.868 2.918-7.334 0.87-2.472 1.732-4.932 2.592-7.376 1.686-4.898 3.468-9.678 4.994-14.484 1.432-4.832 2.846-9.604 4.24-14.31 0.674-2.358 1.43-4.66 2.016-7.004 0.57-2.348 1.138-4.676 1.702-6.988 1.118-4.606 2.216-9.14 3.296-13.602 0.868-4.502 1.72-8.928 2.558-13.272 0.41-2.164 0.818-4.308 1.222-6.434 0.2-1.060 0.398-2.116 0.596-3.164 0.148-1.062 0.296-2.118 0.444-3.168 0.582-4.19 1.152-8.292 1.708-12.3 0.278-1.996 0.55-3.97 0.82-5.922 0.284-1.946 0.376-3.902 0.568-5.812 0.336-3.822 0.664-7.546 0.98-11.164 0.304-3.616 0.686-7.106 0.738-10.528 0.020-0.534 0.040-1.044 0.058-1.574 35.224-0.146 63.732-28.738 63.732-63.992 0-0.542-0.028-1.080-0.042-1.62h0.022c0 0-0.012-0.090-0.028-0.224-0.11-3.878-0.55-7.674-1.322-11.35-0.204-1.748-0.428-3.662-0.674-5.776-0.222-1.886-0.46-3.914-0.718-6.076-0.374-2.566-0.77-5.294-1.19-8.176-0.856-5.746-1.8-12.124-2.908-18.958-1.348-6.444-2.804-13.414-4.364-20.862-0.71-3.72-1.776-7.506-2.786-11.408-1.024-3.892-2.078-7.894-3.16-12.002-0.566-2.044-1.040-4.134-1.708-6.208-0.656-2.076-1.32-4.174-1.988-6.3-1.348-4.234-2.726-8.566-4.136-12.99-0.352-1.102-0.708-2.21-1.064-3.324-0.408-1.1-0.814-2.206-1.226-3.316-0.826-2.216-1.658-4.454-2.502-6.714-1.696-4.498-3.422-9.080-5.18-13.74-1.968-4.57-3.97-9.216-6.004-13.936-1.020-2.348-2.044-4.714-3.078-7.098-1.048-2.376-2.27-4.702-3.408-7.076-2.322-4.714-4.678-9.494-7.062-14.33-2.47-4.786-5.208-9.512-7.846-14.328-1.336-2.398-2.68-4.808-4.028-7.23-1.368-2.41-2.902-4.75-4.356-7.14-2.95-4.74-5.93-9.524-8.934-14.35-12.64-18.892-26.676-37.564-42.21-55.278-15.712-17.576-32.726-34.25-50.692-49.602-18.18-15.136-37.264-28.902-56.726-41.112-19.604-12.036-39.644-22.314-59.376-31.142-5.004-2.040-9.964-4.062-14.878-6.068-2.462-0.974-4.868-2.032-7.336-2.918-2.47-0.87-4.93-1.734-7.376-2.592-4.898-1.684-9.678-3.468-14.484-4.994-4.832-1.432-9.604-2.846-14.312-4.242-2.356-0.672-4.66-1.428-7.004-2.014-2.346-0.572-4.676-1.138-6.986-1.702-4.606-1.118-9.142-2.216-13.604-3.298-4.5-0.868-8.926-1.72-13.27-2.558-2.166-0.412-4.31-0.82-6.434-1.222-1.062-0.2-2.118-0.398-3.166-0.596-1.060-0.148-2.118-0.296-3.166-0.442-4.192-0.584-8.292-1.154-12.3-1.71-1.998-0.276-3.972-0.55-5.922-0.82-1.946-0.284-3.904-0.376-5.814-0.57-3.822-0.336-7.544-0.664-11.164-0.98-3.616-0.304-7.104-0.686-10.526-0.738-0.852-0.032-1.674-0.062-2.512-0.092-0.65-34.78-29.028-62.778-63.966-62.778-0.542 0-1.080 0.028-1.62 0.042l-0.002-0.022c0 0-0.090 0.012-0.222 0.028-3.878 0.11-7.676 0.55-11.352 1.322-1.748 0.204-3.662 0.426-5.776 0.672-1.884 0.222-3.912 0.462-6.076 0.718-2.566 0.376-5.292 0.772-8.176 1.192-5.746 0.856-12.124 1.8-18.958 2.908-6.446 1.348-13.414 2.804-20.864 4.362-3.718 0.712-7.504 1.778-11.406 2.786-3.892 1.026-7.894 2.080-12.004 3.162-2.044 0.566-4.132 1.040-6.208 1.708-2.074 0.656-4.174 1.318-6.3 1.988-4.232 1.348-8.564 2.726-12.988 4.134-1.104 0.354-2.21 0.708-3.324 1.066-1.1 0.406-2.206 0.814-3.316 1.226-2.216 0.824-4.456 1.658-6.714 2.5-4.496 1.698-9.078 3.424-13.74 5.182-4.568 1.968-9.216 3.97-13.936 6.004-2.348 1.018-4.714 2.044-7.098 3.078-2.376 1.048-4.702 2.27-7.074 3.408-4.714 2.322-9.494 4.678-14.33 7.062-4.786 2.47-9.512 5.208-14.328 7.846-2.398 1.336-4.808 2.678-7.23 4.028-2.41 1.366-4.75 2.9-7.14 4.354-4.738 2.952-9.524 5.93-14.35 8.936-18.89 12.64-37.564 26.674-55.278 42.21-17.574 15.712-34.248 32.726-49.602 50.69-15.136 18.182-28.902 37.264-41.112 56.728-12.036 19.602-22.314 39.644-31.142 59.376-2.042 5.002-4.062 9.964-6.068 14.878-0.974 2.462-2.032 4.868-2.918 7.334-0.87 2.472-1.732 4.932-2.592 7.376-1.686 4.898-3.468 9.678-4.994 14.484-1.432 4.832-2.846 9.604-4.24 14.31-0.674 2.358-1.43 4.66-2.016 7.004-0.57 2.348-1.138 4.676-1.702 6.988-1.118 4.606-2.216 9.14-3.296 13.602-0.868 4.502-1.72 8.928-2.558 13.272-0.41 2.164-0.818 4.308-1.222 6.434-0.2 1.060-0.398 2.116-0.596 3.164-0.148 1.062-0.296 2.118-0.444 3.168-0.582 4.19-1.152 8.292-1.708 12.3-0.278 1.996-0.55 3.97-0.82 5.922-0.284 1.946-0.376 3.902-0.568 5.812-0.336 3.822-0.664 7.546-0.98 11.164-0.304 3.616-0.686 7.106-0.738 10.528-0.020 0.548-0.040 1.076-0.058 1.62-34.376 1.112-61.902 29.304-61.902 63.946 0 0.542 0.028 1.078 0.042 1.618zM73.518 448.706c0.042-0.196 0.086-0.384 0.128-0.58 0.644-3.248 1.632-6.542 2.556-9.942 0.934-3.388 1.894-6.876 2.88-10.454 0.516-1.78 0.934-3.602 1.546-5.406 0.596-1.802 1.202-3.628 1.81-5.476 1.218-3.682 2.464-7.45 3.736-11.294 0.316-0.958 0.634-1.924 0.956-2.892 0.37-0.954 0.74-1.914 1.114-2.876 0.746-1.924 1.5-3.868 2.26-5.83 1.52-3.904 3.070-7.882 4.646-11.93 1.768-3.96 3.566-7.99 5.392-12.080 0.908-2.038 1.824-4.090 2.746-6.156 0.932-2.060 2.036-4.072 3.052-6.126 2.070-4.084 4.17-8.222 6.294-12.412 2.202-4.142 4.654-8.224 6.998-12.392 1.184-2.074 2.374-4.16 3.57-6.256 1.21-2.086 2.586-4.102 3.876-6.166 2.616-4.098 5.256-8.232 7.918-12.402 11.234-16.298 23.632-32.398 37.33-47.638 13.874-15.104 28.842-29.404 44.598-42.548 15.974-12.928 32.686-24.65 49.676-35.022 17.13-10.194 34.6-18.838 51.734-26.258 4.35-1.7 8.662-3.382 12.934-5.050 2.136-0.812 4.216-1.71 6.36-2.444 2.146-0.714 4.28-1.428 6.404-2.136 4.25-1.386 8.382-2.888 12.548-4.142 4.184-1.174 8.314-2.332 12.392-3.474 2.038-0.55 4.026-1.19 6.054-1.662 2.030-0.458 4.044-0.914 6.044-1.368 3.978-0.91 7.896-1.806 11.748-2.688 3.888-0.686 7.71-1.36 11.462-2.022 1.868-0.33 3.716-0.658 5.546-0.98 0.914-0.162 1.824-0.324 2.728-0.484 0.916-0.112 1.828-0.222 2.734-0.332 3.612-0.448 7.148-0.882 10.604-1.31 1.72-0.216 3.422-0.432 5.102-0.644 1.674-0.226 3.364-0.266 5.010-0.408 3.292-0.238 6.498-0.472 9.616-0.7 3.11-0.218 6.11-0.524 9.058-0.508 5.848-0.132 11.32-0.256 16.38-0.372 4.664 0.168 8.948 0.324 12.818 0.462 1.914 0.054 3.726 0.108 5.432 0.156 2.122 0.134 4.108 0.26 5.958 0.378 2.13 0.138 4.060 0.266 5.82 0.38 3.256 0.51 6.592 0.782 9.99 0.782 0.466 0 0.93-0.026 1.396-0.036 0.132 0.008 0.224 0.014 0.224 0.014v-0.020c31.14-0.778 56.75-23.784 61.556-53.754 0.542 0.12 1.064 0.236 1.612 0.356 3.246 0.644 6.542 1.632 9.942 2.556 3.386 0.934 6.876 1.894 10.454 2.88 1.778 0.516 3.602 0.934 5.404 1.546 1.802 0.596 3.63 1.202 5.478 1.812 3.68 1.218 7.448 2.464 11.292 3.736 0.96 0.316 1.924 0.634 2.892 0.956 0.956 0.37 1.914 0.74 2.876 1.112 1.926 0.746 3.868 1.5 5.83 2.26 3.904 1.52 7.884 3.070 11.932 4.646 3.96 1.768 7.988 3.566 12.080 5.392 2.038 0.908 4.088 1.824 6.156 2.746 2.060 0.932 4.072 2.036 6.126 3.054 4.082 2.070 8.222 4.17 12.41 6.294 4.144 2.202 8.226 4.654 12.394 6.998 2.074 1.184 4.16 2.374 6.256 3.572 2.086 1.21 4.102 2.586 6.166 3.876 4.098 2.616 8.23 5.256 12.402 7.918 16.296 11.234 32.398 23.632 47.636 37.33 15.104 13.874 29.406 28.842 42.55 44.598 12.928 15.974 24.648 32.686 35.020 49.676 10.196 17.13 18.84 34.6 26.26 51.736 1.698 4.348 3.382 8.662 5.050 12.932 0.812 2.136 1.71 4.216 2.444 6.36 0.714 2.146 1.428 4.28 2.136 6.404 1.386 4.25 2.888 8.384 4.142 12.548 1.174 4.184 2.33 8.316 3.474 12.392 0.55 2.038 1.19 4.026 1.66 6.054 0.46 2.030 0.916 4.046 1.368 6.046 0.91 3.978 1.808 7.896 2.688 11.748 0.688 3.888 1.362 7.71 2.024 11.462 0.33 1.868 0.656 3.716 0.98 5.548 0.162 0.914 0.324 1.824 0.484 2.728 0.11 0.916 0.222 1.828 0.332 2.734 0.446 3.612 0.882 7.148 1.31 10.604 0.216 1.72 0.432 3.42 0.642 5.1 0.226 1.674 0.268 3.364 0.41 5.010 0.238 3.292 0.472 6.498 0.7 9.616 0.218 3.11 0.524 6.11 0.508 9.058 0.132 5.848 0.256 11.32 0.372 16.38-0.168 4.664-0.324 8.948-0.462 12.818-0.054 1.914-0.108 3.726-0.156 5.432-0.134 2.122-0.26 4.108-0.378 5.958-0.138 2.13-0.266 4.060-0.38 5.82-0.498 3.256-0.768 6.592-0.768 9.99 0 0.468 0.026 0.93 0.036 1.396-0.008 0.132-0.016 0.224-0.016 0.224h0.022c0.768 30.766 23.236 56.128 52.682 61.37-0.066 0.296-0.13 0.584-0.198 0.884-0.644 3.248-1.632 6.542-2.556 9.942-0.934 3.388-1.894 6.876-2.88 10.454-0.516 1.78-0.934 3.602-1.546 5.406-0.596 1.802-1.202 3.628-1.81 5.476-1.218 3.682-2.464 7.45-3.736 11.294-0.316 0.958-0.634 1.924-0.956 2.892-0.37 0.954-0.74 1.914-1.114 2.876-0.746 1.924-1.5 3.868-2.26 5.83-1.52 3.904-3.070 7.882-4.646 11.93-1.768 3.96-3.566 7.99-5.392 12.080-0.908 2.038-1.824 4.090-2.746 6.156-0.932 2.060-2.036 4.072-3.052 6.126-2.070 4.084-4.17 8.222-6.294 12.412-2.202 4.142-4.654 8.224-6.998 12.392-1.184 2.074-2.374 4.16-3.57 6.256-1.21 2.086-2.586 4.102-3.876 6.166-2.616 4.098-5.256 8.232-7.918 12.402-11.234 16.298-23.632 32.398-37.33 47.638-13.874 15.104-28.842 29.404-44.598 42.548-15.974 12.928-32.686 24.65-49.676 35.022-17.13 10.194-34.6 18.838-51.734 26.258-4.35 1.7-8.662 3.382-12.934 5.050-2.136 0.812-4.216 1.71-6.36 2.444-2.146 0.714-4.28 1.428-6.404 2.136-4.25 1.386-8.382 2.888-12.548 4.142-4.184 1.174-8.314 2.332-12.392 3.474-2.038 0.55-4.026 1.19-6.054 1.662-2.030 0.458-4.044 0.914-6.044 1.368-3.978 0.91-7.896 1.806-11.748 2.688-3.888 0.686-7.71 1.36-11.462 2.022-1.868 0.33-3.716 0.658-5.546 0.98-0.914 0.162-1.824 0.324-2.728 0.484-0.916 0.112-1.828 0.222-2.734 0.332-3.612 0.448-7.148 0.882-10.604 1.31-1.72 0.216-3.422 0.432-5.102 0.644-1.674 0.226-3.364 0.266-5.010 0.408-3.292 0.238-6.498 0.472-9.616 0.7-3.11 0.218-6.11 0.524-9.058 0.508-5.848 0.132-11.32 0.256-16.38 0.372-4.664-0.168-8.948-0.324-12.818-0.462-1.914-0.054-3.726-0.108-5.432-0.156-2.122-0.134-4.108-0.26-5.958-0.378-2.13-0.138-4.060-0.266-5.82-0.38-3.256-0.51-6.592-0.782-9.99-0.782-0.466 0-0.93 0.026-1.396 0.036-0.132-0.008-0.224-0.014-0.224-0.014v0.020c-31.004 0.774-56.524 23.586-61.488 53.364-3.2-0.64-6.446-1.61-9.792-2.522-3.386-0.934-6.876-1.894-10.454-2.878-1.778-0.516-3.602-0.938-5.404-1.546-1.802-0.598-3.63-1.204-5.478-1.812-3.68-1.218-7.448-2.464-11.292-3.738-0.96-0.316-1.924-0.632-2.892-0.954-0.956-0.372-1.914-0.742-2.876-1.114-1.926-0.746-3.868-1.5-5.83-2.258-3.904-1.524-7.884-3.070-11.932-4.648-3.96-1.77-7.988-3.566-12.080-5.39-2.038-0.91-4.088-1.824-6.156-2.746-2.060-0.934-4.072-2.036-6.126-3.054-4.082-2.070-8.222-4.172-12.41-6.296-4.144-2.2-8.226-4.652-12.394-6.996-2.074-1.184-4.16-2.376-6.256-3.57-2.086-1.21-4.102-2.586-6.166-3.878-4.098-2.614-8.23-5.254-12.402-7.918-16.296-11.23-32.398-23.632-47.636-37.328-15.104-13.876-29.406-28.84-42.55-44.598-12.928-15.972-24.648-32.684-35.020-49.676-10.196-17.128-18.84-34.602-26.26-51.734-1.698-4.352-3.382-8.664-5.050-12.934-0.812-2.136-1.71-4.218-2.444-6.36-0.714-2.148-1.428-4.282-2.136-6.406-1.386-4.25-2.888-8.382-4.142-12.546-1.174-4.184-2.33-8.316-3.474-12.394-0.55-2.036-1.19-4.024-1.66-6.054-0.46-2.028-0.916-4.042-1.368-6.042-0.91-3.98-1.808-7.898-2.688-11.75-0.688-3.886-1.362-7.71-2.024-11.46-0.33-1.868-0.656-3.718-0.98-5.546-0.162-0.914-0.324-1.824-0.484-2.73-0.11-0.914-0.222-1.828-0.332-2.734-0.446-3.61-0.882-7.148-1.31-10.602-0.216-1.722-0.432-3.422-0.642-5.102-0.226-1.676-0.268-3.364-0.41-5.012-0.238-3.29-0.472-6.496-0.7-9.614-0.218-3.11-0.524-6.11-0.508-9.058-0.132-5.848-0.256-11.32-0.372-16.382 0.168-4.664 0.324-8.946 0.462-12.816 0.054-1.914 0.108-3.726 0.156-5.434 0.134-2.122 0.26-4.106 0.378-5.958 0.138-2.128 0.266-4.058 0.38-5.82 0.496-3.26 0.766-6.596 0.766-9.994 0-0.466-0.026-0.93-0.036-1.396 0.008-0.132 0.016-0.224 0.016-0.224h-0.022c-0.78-31.38-24.134-57.154-54.44-61.674z"
        ],
        "tags": [
          "spinner",
          "loading",
          "loading-wheel",
          "busy",
          "wait"
        ],
        "defaultCode": 59779,
        "grid": 16,
        "attrs": []
      },
      "attrs": [],
      "properties": {
        "ligatures": "spinner10, loading11",
        "name": "spinner10",
        "order": 40,
        "id": 132,
        "prevSize": 32,
        "code": 59779
      },
      "setIdx": 0,
      "setId": 1,
      "iconIdx": 131
    },
    {
      "icon": {
        "paths": [
          "M592 448h-16v-192c0-105.87-86.13-192-192-192h-128c-105.87 0-192 86.13-192 192v192h-16c-26.4 0-48 21.6-48 48v480c0 26.4 21.6 48 48 48h544c26.4 0 48-21.6 48-48v-480c0-26.4-21.6-48-48-48zM192 256c0-35.29 28.71-64 64-64h128c35.29 0 64 28.71 64 64v192h-256v-192z"
        ],
        "tags": [
          "lock",
          "secure",
          "private",
          "encrypted"
        ],
        "defaultCode": 59791,
        "grid": 16,
        "attrs": []
      },
      "attrs": [],
      "properties": {
        "ligatures": "lock, secure",
        "name": "lock",
        "order": 41,
        "id": 144,
        "prevSize": 32,
        "code": 59791
      },
      "setIdx": 0,
      "setId": 1,
      "iconIdx": 143
    },
    {
      "icon": {
        "paths": [
          "M448 128v-16c0-26.4-21.6-48-48-48h-160c-26.4 0-48 21.6-48 48v16h-192v128h192v16c0 26.4 21.6 48 48 48h160c26.4 0 48-21.6 48-48v-16h576v-128h-576zM256 256v-128h128v128h-128zM832 432c0-26.4-21.6-48-48-48h-160c-26.4 0-48 21.6-48 48v16h-576v128h576v16c0 26.4 21.6 48 48 48h160c26.4 0 48-21.6 48-48v-16h192v-128h-192v-16zM640 576v-128h128v128h-128zM448 752c0-26.4-21.6-48-48-48h-160c-26.4 0-48 21.6-48 48v16h-192v128h192v16c0 26.4 21.6 48 48 48h160c26.4 0 48-21.6 48-48v-16h576v-128h-576v-16zM256 896v-128h128v128h-128z"
        ],
        "tags": [
          "equalizer",
          "sliders",
          "settings",
          "preferences",
          "dashboard",
          "control"
        ],
        "defaultCode": 59794,
        "grid": 16,
        "attrs": []
      },
      "attrs": [],
      "properties": {
        "ligatures": "equalizer, sliders",
        "name": "equalizer",
        "order": 43,
        "id": 147,
        "prevSize": 32,
        "code": 59794
      },
      "setIdx": 0,
      "setId": 1,
      "iconIdx": 146
    },
    {
      "icon": {
        "paths": [
          "M363.722 722.052l41.298-57.816-45.254-45.256-57.818 41.296c-10.722-5.994-22.204-10.774-34.266-14.192l-11.682-70.084h-64l-11.68 70.086c-12.062 3.418-23.544 8.198-34.266 14.192l-57.818-41.298-45.256 45.256 41.298 57.816c-5.994 10.72-10.774 22.206-14.192 34.266l-70.086 11.682v64l70.086 11.682c3.418 12.060 8.198 23.544 14.192 34.266l-41.298 57.816 45.254 45.256 57.818-41.296c10.722 5.994 22.204 10.774 34.266 14.192l11.682 70.084h64l11.68-70.086c12.062-3.418 23.544-8.198 34.266-14.192l57.818 41.296 45.254-45.256-41.298-57.816c5.994-10.72 10.774-22.206 14.192-34.266l70.088-11.68v-64l-70.086-11.682c-3.418-12.060-8.198-23.544-14.192-34.266zM224 864c-35.348 0-64-28.654-64-64s28.652-64 64-64 64 28.654 64 64-28.652 64-64 64zM1024 384v-64l-67.382-12.25c-1.242-8.046-2.832-15.978-4.724-23.79l57.558-37.1-24.492-59.128-66.944 14.468c-4.214-6.91-8.726-13.62-13.492-20.13l39.006-56.342-45.256-45.254-56.342 39.006c-6.512-4.766-13.22-9.276-20.13-13.494l14.468-66.944-59.128-24.494-37.1 57.558c-7.812-1.892-15.744-3.482-23.79-4.724l-12.252-67.382h-64l-12.252 67.382c-8.046 1.242-15.976 2.832-23.79 4.724l-37.098-57.558-59.128 24.492 14.468 66.944c-6.91 4.216-13.62 8.728-20.13 13.494l-56.342-39.006-45.254 45.254 39.006 56.342c-4.766 6.51-9.278 13.22-13.494 20.13l-66.944-14.468-24.492 59.128 57.558 37.1c-1.892 7.812-3.482 15.742-4.724 23.79l-67.384 12.252v64l67.382 12.25c1.242 8.046 2.832 15.978 4.724 23.79l-57.558 37.1 24.492 59.128 66.944-14.468c4.216 6.91 8.728 13.618 13.494 20.13l-39.006 56.342 45.254 45.256 56.342-39.006c6.51 4.766 13.22 9.276 20.13 13.492l-14.468 66.944 59.128 24.492 37.102-57.558c7.81 1.892 15.742 3.482 23.788 4.724l12.252 67.384h64l12.252-67.382c8.044-1.242 15.976-2.832 23.79-4.724l37.1 57.558 59.128-24.492-14.468-66.944c6.91-4.216 13.62-8.726 20.13-13.492l56.342 39.006 45.256-45.256-39.006-56.342c4.766-6.512 9.276-13.22 13.492-20.13l66.944 14.468 24.492-59.13-57.558-37.1c1.892-7.812 3.482-15.742 4.724-23.79l67.382-12.25zM672 491.2c-76.878 0-139.2-62.322-139.2-139.2s62.32-139.2 139.2-139.2 139.2 62.322 139.2 139.2c0 76.878-62.32 139.2-139.2 139.2z"
        ],
        "tags": [
          "cogs",
          "gears",
          "preferences",
          "settings",
          "generate",
          "control",
          "options"
        ],
        "defaultCode": 59797,
        "grid": 16,
        "attrs": []
      },
      "attrs": [],
      "properties": {
        "ligatures": "cogs, gears",
        "name": "cogs",
        "order": 29,
        "id": 150,
        "prevSize": 32,
        "code": 59797
      },
      "setIdx": 0,
      "setId": 1,
      "iconIdx": 149
    },
    {
      "icon": {
        "paths": [
          "M256 192l-128-128h-64v64l128 128zM320 0h64v128h-64zM576 320h128v64h-128zM640 128v-64h-64l-128 128 64 64zM0 320h128v64h-128zM320 576h64v128h-64zM64 576v64h64l128-128-64-64zM1010 882l-636.118-636.118c-18.668-18.668-49.214-18.668-67.882 0l-60.118 60.118c-18.668 18.668-18.668 49.214 0 67.882l636.118 636.118c18.668 18.668 49.214 18.668 67.882 0l60.118-60.118c18.668-18.668 18.668-49.214 0-67.882zM480 544l-192-192 64-64 192 192-64 64z"
        ],
        "tags": [
          "magic-wand",
          "wizard"
        ],
        "defaultCode": 59799,
        "grid": 16,
        "attrs": []
      },
      "attrs": [],
      "properties": {
        "ligatures": "magic-wand, wizard",
        "name": "magic-wand",
        "order": 30,
        "id": 152,
        "prevSize": 32,
        "code": 59799
      },
      "setIdx": 0,
      "setId": 1,
      "iconIdx": 151
    },
    {
      "icon": {
        "paths": [
          "M448 576v-448c-247.424 0-448 200.576-448 448s200.576 448 448 448 448-200.576 448-448c0-72.034-17.028-140.084-47.236-200.382l-400.764 200.382zM912.764 247.618c-73.552-146.816-225.374-247.618-400.764-247.618v448l400.764-200.382z"
        ],
        "tags": [
          "pie-chart",
          "stats",
          "statistics",
          "graph"
        ],
        "defaultCode": 59802,
        "grid": 16,
        "attrs": []
      },
      "attrs": [],
      "properties": {
        "ligatures": "pie-chart, stats",
        "name": "pie-chart",
        "order": 38,
        "id": 155,
        "prevSize": 32,
        "code": 59802
      },
      "setIdx": 0,
      "setId": 1,
      "iconIdx": 154
    },
    {
      "icon": {
        "paths": [
          "M704 64l-320 320h-192l-192 256c0 0 203.416-56.652 322.066-30.084l-322.066 414.084 421.902-328.144c58.838 134.654-37.902 328.144-37.902 328.144l256-192v-192l320-320 64-320-320 64z"
        ],
        "tags": [
          "rocket",
          "jet",
          "speed",
          "spaceship",
          "fast"
        ],
        "defaultCode": 59813,
        "grid": 16,
        "attrs": []
      },
      "attrs": [],
      "properties": {
        "ligatures": "rocket, jet",
        "name": "rocket",
        "order": 37,
        "id": 166,
        "prevSize": 32,
        "code": 59813
      },
      "setIdx": 0,
      "setId": 1,
      "iconIdx": 165
    },
    {
      "icon": {
        "paths": [
          "M128 320v640c0 35.2 28.8 64 64 64h576c35.2 0 64-28.8 64-64v-640h-704zM320 896h-64v-448h64v448zM448 896h-64v-448h64v448zM576 896h-64v-448h64v448zM704 896h-64v-448h64v448z",
          "M848 128h-208v-80c0-26.4-21.6-48-48-48h-224c-26.4 0-48 21.6-48 48v80h-208c-26.4 0-48 21.6-48 48v80h832v-80c0-26.4-21.6-48-48-48zM576 128h-192v-63.198h192v63.198z"
        ],
        "tags": [
          "bin",
          "trashcan",
          "remove",
          "delete",
          "recycle",
          "dispose"
        ],
        "defaultCode": 59820,
        "grid": 16,
        "attrs": []
      },
      "attrs": [],
      "properties": {
        "ligatures": "bin, trashcan",
        "name": "bin",
        "order": 39,
        "id": 173,
        "prevSize": 32,
        "code": 59820
      },
      "setIdx": 0,
      "setId": 1,
      "iconIdx": 172
    },
    {
      "icon": {
        "paths": [
          "M480 64c-265.096 0-480 214.904-480 480 0 265.098 214.904 480 480 480 265.098 0 480-214.902 480-480 0-265.096-214.902-480-480-480zM751.59 704c8.58-40.454 13.996-83.392 15.758-128h127.446c-3.336 44.196-13.624 87.114-30.68 128h-112.524zM208.41 384c-8.58 40.454-13.996 83.392-15.758 128h-127.444c3.336-44.194 13.622-87.114 30.678-128h112.524zM686.036 384c9.614 40.962 15.398 83.854 17.28 128h-191.316v-128h174.036zM512 320v-187.338c14.59 4.246 29.044 11.37 43.228 21.37 26.582 18.74 52.012 47.608 73.54 83.486 14.882 24.802 27.752 52.416 38.496 82.484h-155.264zM331.232 237.516c21.528-35.878 46.956-64.748 73.54-83.486 14.182-10 28.638-17.124 43.228-21.37v187.34h-155.264c10.746-30.066 23.616-57.68 38.496-82.484zM448 384v128h-191.314c1.88-44.146 7.666-87.038 17.278-128h174.036zM95.888 704c-17.056-40.886-27.342-83.804-30.678-128h127.444c1.762 44.608 7.178 87.546 15.758 128h-112.524zM256.686 576h191.314v128h-174.036c-9.612-40.96-15.398-83.854-17.278-128zM448 768v187.34c-14.588-4.246-29.044-11.372-43.228-21.37-26.584-18.74-52.014-47.61-73.54-83.486-14.882-24.804-27.75-52.418-38.498-82.484h155.266zM628.768 850.484c-21.528 35.876-46.958 64.746-73.54 83.486-14.184 9.998-28.638 17.124-43.228 21.37v-187.34h155.266c-10.746 30.066-23.616 57.68-38.498 82.484zM512 704v-128h191.314c-1.88 44.146-7.666 87.040-17.28 128h-174.034zM767.348 512c-1.762-44.608-7.178-87.546-15.758-128h112.524c17.056 40.886 27.344 83.806 30.68 128h-127.446zM830.658 320h-95.9c-18.638-58.762-44.376-110.294-75.316-151.428 42.536 20.34 81.058 47.616 114.714 81.272 21.48 21.478 40.362 44.938 56.502 70.156zM185.844 249.844c33.658-33.658 72.18-60.932 114.714-81.272-30.942 41.134-56.676 92.666-75.316 151.428h-95.898c16.138-25.218 35.022-48.678 56.5-70.156zM129.344 768h95.898c18.64 58.762 44.376 110.294 75.318 151.43-42.536-20.34-81.058-47.616-114.714-81.274-21.48-21.478-40.364-44.938-56.502-70.156zM774.156 838.156c-33.656 33.658-72.18 60.934-114.714 81.274 30.942-41.134 56.678-92.668 75.316-151.43h95.9c-16.14 25.218-35.022 48.678-56.502 70.156z"
        ],
        "tags": [
          "sphere",
          "globe",
          "internet"
        ],
        "defaultCode": 59849,
        "grid": 16,
        "attrs": []
      },
      "attrs": [],
      "properties": {
        "ligatures": "sphere, globe",
        "name": "sphere",
        "order": 31,
        "id": 202,
        "prevSize": 32,
        "code": 59849
      },
      "setIdx": 0,
      "setId": 1,
      "iconIdx": 201
    },
    {
      "icon": {
        "paths": [
          "M889.68 166.32c-93.608-102.216-228.154-166.32-377.68-166.32-282.77 0-512 229.23-512 512h96c0-229.75 186.25-416 416-416 123.020 0 233.542 53.418 309.696 138.306l-149.696 149.694h352v-352l-134.32 134.32z",
          "M928 512c0 229.75-186.25 416-416 416-123.020 0-233.542-53.418-309.694-138.306l149.694-149.694h-352v352l134.32-134.32c93.608 102.216 228.154 166.32 377.68 166.32 282.77 0 512-229.23 512-512h-96z"
        ],
        "tags": [
          "loop",
          "repeat",
          "player",
          "reload",
          "refresh",
          "update",
          "synchronize",
          "arrows"
        ],
        "defaultCode": 59950,
        "grid": 16,
        "attrs": []
      },
      "attrs": [],
      "properties": {
        "ligatures": "loop2, repeat2",
        "name": "loop2",
        "order": 17,
        "id": 303,
        "prevSize": 32,
        "code": 59950
      },
      "setIdx": 0,
      "setId": 1,
      "iconIdx": 302
    },
    {
      "icon": {
        "paths": [
          "M0 512c0 282.77 229.23 512 512 512s512-229.23 512-512-229.23-512-512-512-512 229.23-512 512zM928 512c0 229.75-186.25 416-416 416s-416-186.25-416-416 186.25-416 416-416 416 186.25 416 416z",
          "M706.744 669.256l90.512-90.512-285.256-285.254-285.254 285.256 90.508 90.508 194.746-194.744z"
        ],
        "tags": [
          "circle-up",
          "up",
          "circle-top",
          "arrow"
        ],
        "defaultCode": 59969,
        "grid": 16,
        "attrs": []
      },
      "attrs": [],
      "properties": {
        "ligatures": "circle-up, up3",
        "name": "circle-up",
        "order": 16,
        "id": 322,
        "prevSize": 32,
        "code": 59969
      },
      "setIdx": 0,
      "setId": 1,
      "iconIdx": 321
    },
    {
      "icon": {
        "width": 1280,
        "paths": [
          "M832 736l96 96 320-320-320-320-96 96 224 224z",
          "M448 288l-96-96-320 320 320 320 96-96-224-224z",
          "M701.298 150.519l69.468 18.944-191.987 704.026-69.468-18.944 191.987-704.026z"
        ],
        "tags": [
          "embed",
          "code",
          "html",
          "xml"
        ],
        "defaultCode": 60032,
        "grid": 16,
        "attrs": []
      },
      "attrs": [],
      "properties": {
        "ligatures": "embed2, code2",
        "name": "embed2",
        "order": 15,
        "id": 385,
        "prevSize": 32,
        "code": 60032
      },
      "setIdx": 0,
      "setId": 1,
      "iconIdx": 384
    },
    {
      "icon": {
        "paths": [
          "M853.342 0h-682.656c-93.874 0-170.686 76.81-170.686 170.69v682.622c0 93.938 76.812 170.688 170.686 170.688h682.656c93.876 0 170.658-76.75 170.658-170.69v-682.62c0-93.88-76.782-170.69-170.658-170.69zM853.342 128c7.988 0 15.546 2.334 22.020 6.342l-363.362 300.404-363.354-300.4c6.478-4.010 14.044-6.346 22.040-6.346h682.656zM170.686 896c-1.924 0-3.82-0.146-5.684-0.408l225.626-312.966-29.256-29.254-233.372 233.37v-611.138l384 464.396 384-464.394v611.136l-233.372-233.37-29.254 29.254 225.628 312.968c-1.858 0.26-3.746 0.406-5.662 0.406h-682.654z"
        ],
        "tags": [
          "mail",
          "contact",
          "support",
          "newsletter",
          "letter",
          "email",
          "envelop",
          "social"
        ],
        "defaultCode": 60036,
        "grid": 16,
        "attrs": []
      },
      "attrs": [],
      "properties": {
        "ligatures": "mail3, contact3",
        "name": "mail2",
        "order": 14,
        "id": 389,
        "prevSize": 32,
        "code": 60036
      },
      "setIdx": 0,
      "setId": 1,
      "iconIdx": 388
    },
    {
      "icon": {
        "paths": [
          "M928 0h-832c-52.8 0-96 43.2-96 96v832c0 52.8 43.2 96 96 96h416v-448h-128v-128h128v-64c0-105.8 86.2-192 192-192h128v128h-128c-35.2 0-64 28.8-64 64v64h192l-32 128h-160v448h288c52.8 0 96-43.2 96-96v-832c0-52.8-43.2-96-96-96z"
        ],
        "tags": [
          "facebook",
          "brand",
          "social"
        ],
        "defaultCode": 60049,
        "grid": 16,
        "attrs": []
      },
      "attrs": [],
      "properties": {
        "ligatures": "facebook2, brand11",
        "name": "facebook2",
        "order": 11,
        "id": 402,
        "prevSize": 32,
        "code": 60049
      },
      "setIdx": 0,
      "setId": 1,
      "iconIdx": 401
    },
    {
      "icon": {
        "paths": [
          "M873 148.8c-95.8-96-223.2-148.8-359-148.8-279.6 0-507.2 227.6-507.2 507.4 0 89.4 23.4 176.8 67.8 253.6l-72 263 269-70.6c74.2 40.4 157.6 61.8 242.4 61.8h0.2c0 0 0 0 0 0 279.6 0 507.4-227.6 507.4-507.4 0-135.6-52.8-263-148.6-359zM514.2 929.6v0c-75.8 0-150-20.4-214.8-58.8l-15.4-9.2-159.6 41.8 42.6-155.6-10-16c-42.4-67-64.6-144.6-64.6-224.4 0-232.6 189.2-421.8 422-421.8 112.6 0 218.6 44 298.2 123.6 79.6 79.8 123.4 185.6 123.4 298.4-0.2 232.8-189.4 422-421.8 422zM745.4 613.6c-12.6-6.4-75-37-86.6-41.2s-20-6.4-28.6 6.4c-8.4 12.6-32.8 41.2-40.2 49.8-7.4 8.4-14.8 9.6-27.4 3.2s-53.6-19.8-102-63c-37.6-33.6-63.2-75.2-70.6-87.8s-0.8-19.6 5.6-25.8c5.8-5.6 12.6-14.8 19-22.2s8.4-12.6 12.6-21.2c4.2-8.4 2.2-15.8-1-22.2s-28.6-68.8-39-94.2c-10.2-24.8-20.8-21.4-28.6-21.8-7.4-0.4-15.8-0.4-24.2-0.4s-22.2 3.2-33.8 15.8c-11.6 12.6-44.4 43.4-44.4 105.8s45.4 122.6 51.8 131.2c6.4 8.4 89.4 136.6 216.6 191.4 30.2 13 53.8 20.8 72.2 26.8 30.4 9.6 58 8.2 79.8 5 24.4-3.6 75-30.6 85.6-60.2s10.6-55 7.4-60.2c-3-5.6-11.4-8.8-24.2-15.2z"
        ],
        "tags": [
          "whatsapp",
          "brand",
          "social"
        ],
        "defaultCode": 60051,
        "grid": 16,
        "attrs": []
      },
      "attrs": [],
      "properties": {
        "name": "whatsapp",
        "ligatures": "whatsapp, brand13",
        "order": 36,
        "id": 404,
        "prevSize": 32,
        "code": 60051
      },
      "setIdx": 0,
      "setId": 1,
      "iconIdx": 403
    },
    {
      "icon": {
        "paths": [
          "M512 0c-282.8 0-512 229.2-512 512s229.2 512 512 512 512-229.2 512-512-229.2-512-512-512zM763.6 351l-84 395.8c-5.8 28.2-22.8 34.8-46.4 21.8l-128-94.6-61.4 59.8c-7.2 7-12.8 12.8-25.6 12.8-16.6 0-13.8-6.2-19.4-22l-43.6-143.2-126.6-39.4c-27.4-8.4-27.6-27.2 6.2-40.6l493.2-190.4c22.4-10.2 44.2 5.4 35.6 40z"
        ],
        "tags": [
          "telegram",
          "brand",
          "social"
        ],
        "defaultCode": 60053,
        "grid": 16,
        "attrs": []
      },
      "attrs": [],
      "properties": {
        "name": "telegram",
        "ligatures": "telegram, brand15",
        "order": 13,
        "id": 406,
        "prevSize": 32,
        "code": 60053
      },
      "setIdx": 0,
      "setId": 1,
      "iconIdx": 405
    },
    {
      "icon": {
        "paths": [
          "M128 511.992c0 148.026 88.322 275.968 216.43 336.578l-183.178-488.784c-21.308 46.508-33.252 97.982-33.252 152.206zM771.228 493.128c0-46.234-17.054-78.236-31.654-103.142-19.458-30.82-37.72-56.894-37.72-87.716 0-34.374 26.766-66.376 64.486-66.376 1.704 0 3.32 0.204 4.976 0.302-68.316-60.97-159.34-98.196-259.308-98.196-134.16 0-252.186 67.046-320.844 168.568 9.010 0.282 17.506 0.454 24.712 0.454 40.154 0 102.34-4.752 102.34-4.752 20.69-1.182 23.132 28.434 2.458 30.822 0 0-20.81 2.368-43.952 3.55l139.834 405.106 84.044-245.456-59.822-159.65c-20.688-1.184-40.278-3.55-40.278-3.55-20.702-1.192-18.272-32.002 2.438-30.822 0 0 63.4 4.752 101.134 4.752 40.146 0 102.35-4.752 102.35-4.752 20.702-1.182 23.14 28.434 2.446 30.822 0 0-20.834 2.372-43.948 3.55l138.78 402.018 38.312-124.632c16.58-51.75 29.216-88.9 29.216-120.9zM518.742 544.704l-115.226 326.058c34.416 9.858 70.794 15.238 108.488 15.238 44.716 0 87.604-7.518 127.518-21.2-1.018-1.602-1.974-3.304-2.75-5.154l-118.030-314.942zM848.962 332.572c1.652 11.91 2.588 24.686 2.588 38.458 0 37.93-7.292 80.596-29.202 133.95l-117.286 330.272c114.162-64.828 190.938-185.288 190.938-323.258 0-65.030-17.060-126.16-47.038-179.422zM512 0c-282.77 0-512 229.23-512 512s229.23 512 512 512 512-229.23 512-512-229.23-512-512-512zM512 960c-247.424 0-448-200.576-448-448s200.576-448 448-448 448 200.576 448 448-200.576 448-448 448z"
        ],
        "tags": [
          "wordpress",
          "brand",
          "social",
          "cms"
        ],
        "defaultCode": 60084,
        "grid": 16,
        "attrs": []
      },
      "attrs": [],
      "properties": {
        "ligatures": "wordpress, brand44",
        "name": "wordpress",
        "order": 35,
        "id": 437,
        "prevSize": 32,
        "code": 60084
      },
      "setIdx": 0,
      "setId": 1,
      "iconIdx": 436
    },
    {
      "icon": {
        "paths": [
          "M791.498 544.092c-1.294-129.682 105.758-191.876 110.542-194.966-60.152-88.020-153.85-100.078-187.242-101.472-79.742-8.074-155.596 46.948-196.066 46.948-40.368 0-102.818-45.754-168.952-44.552-86.916 1.292-167.058 50.538-211.812 128.38-90.304 156.698-23.126 388.84 64.89 515.926 43.008 62.204 94.292 132.076 161.626 129.58 64.842-2.588 89.362-41.958 167.756-41.958s100.428 41.958 169.050 40.67c69.774-1.296 113.982-63.398 156.692-125.796 49.39-72.168 69.726-142.038 70.924-145.626-1.548-0.706-136.060-52.236-137.408-207.134zM662.562 163.522c35.738-43.358 59.86-103.512 53.28-163.522-51.478 2.096-113.878 34.29-150.81 77.55-33.142 38.376-62.148 99.626-54.374 158.436 57.466 4.484 116.128-29.204 151.904-72.464z"
        ],
        "tags": [
          "apple",
          "brand"
        ],
        "defaultCode": 60094,
        "grid": 16,
        "attrs": []
      },
      "attrs": [],
      "properties": {
        "ligatures": "apple, brand53",
        "name": "appleinc",
        "order": 33,
        "id": 447,
        "prevSize": 32,
        "code": 60094
      },
      "setIdx": 0,
      "setId": 1,
      "iconIdx": 446
    },
    {
      "icon": {
        "paths": [
          "M896 384c-35.2 0-64 28.8-64 64v256c0 35.2 28.8 64 64 64s64-28.8 64-64v-256c0-35.2-28.8-64-64-64zM128 384c-35.2 0-64 28.8-64 64v256c0 35.2 28.8 64 64 64s64-28.8 64-64v-256c0-35.2-28.802-64-64-64zM224 736c0 53.020 42.98 96 96 96v0 128c0 35.2 28.8 64 64 64s64-28.8 64-64v-128h128v128c0 35.2 28.8 64 64 64s64-28.8 64-64v-128c53.020 0 96-42.98 96-96v-352h-576v352z",
          "M798.216 320.002c-9.716-87.884-59.004-163.792-129.62-209.646l32.024-64.046c7.904-15.806 1.496-35.028-14.31-42.932s-35.030-1.496-42.932 14.312l-32.142 64.286-8.35-3.316c-28.568-9.502-59.122-14.66-90.886-14.66-31.762 0-62.316 5.158-90.888 14.656l-8.348 3.316-32.142-64.282c-7.904-15.808-27.128-22.212-42.932-14.312-15.808 7.904-22.214 27.126-14.312 42.932l32.022 64.046c-70.616 45.852-119.904 121.762-129.622 209.644v32h574.222v-31.998h-1.784zM416 256c-17.674 0-32-14.328-32-32 0-17.648 14.288-31.958 31.93-31.996 0.032 0 0.062 0.002 0.094 0.002 0.018 0 0.036-0.002 0.052-0.002 17.638 0.042 31.924 14.35 31.924 31.996 0 17.672-14.326 32-32 32zM608 256c-17.674 0-32-14.328-32-32 0-17.646 14.286-31.954 31.924-31.996 0.016 0 0.034 0.002 0.050 0.002 0.032 0 0.064-0.002 0.096-0.002 17.64 0.038 31.93 14.348 31.93 31.996 0 17.672-14.326 32-32 32z"
        ],
        "tags": [
          "android",
          "brand",
          "os",
          "mobile"
        ],
        "defaultCode": 60096,
        "grid": 16,
        "attrs": []
      },
      "attrs": [],
      "properties": {
        "ligatures": "android, brand55",
        "name": "android",
        "order": 34,
        "id": 449,
        "prevSize": 32,
        "code": 60096
      },
      "setIdx": 0,
      "setId": 1,
      "iconIdx": 448
    },
    {
      "icon": {
        "paths": [
          "M928 0h-832c-52.8 0-96 43.2-96 96v832c0 52.8 43.2 96 96 96h832c52.8 0 96-43.2 96-96v-832c0-52.8-43.2-96-96-96zM384 832h-128v-448h128v448zM320 320c-35.4 0-64-28.6-64-64s28.6-64 64-64c35.4 0 64 28.6 64 64s-28.6 64-64 64zM832 832h-128v-256c0-35.4-28.6-64-64-64s-64 28.6-64 64v256h-128v-448h128v79.4c26.4-36.2 66.8-79.4 112-79.4 79.6 0 144 71.6 144 160v288z"
        ],
        "tags": [
          "linkedin",
          "brand",
          "social"
        ],
        "defaultCode": 60105,
        "grid": 16,
        "attrs": []
      },
      "attrs": [],
      "properties": {
        "ligatures": "linkedin, brand64",
        "name": "linkedin",
        "order": 32,
        "id": 458,
        "prevSize": 32,
        "code": 60105
      },
      "setIdx": 0,
      "setId": 1,
      "iconIdx": 457
    },
    {
      "icon": {
        "paths": [
          "M258.278 446.542l-146.532-253.802c93.818-117.464 238.234-192.74 400.254-192.74 187.432 0 351.31 100.736 440.532 251h-417.77c-7.504-0.65-15.092-1-22.762-1-121.874 0-224.578 83.644-253.722 196.542zM695.306 325h293.46c22.74 57.93 35.234 121.004 35.234 187 0 280.826-226.1 508.804-506.186 511.926l209.394-362.678c29.48-42.378 46.792-93.826 46.792-149.248 0-73.17-30.164-139.42-78.694-187zM326 512c0-102.56 83.44-186 186-186s186 83.44 186 186c0 102.56-83.44 186-186 186s-186-83.44-186-186zM582.182 764.442l-146.578 253.878c-246.532-36.884-435.604-249.516-435.604-506.32 0-91.218 23.884-176.846 65.696-251.024l209.030 362.054c41.868 89.112 132.476 150.97 237.274 150.97 24.3 0 47.836-3.34 70.182-9.558z"
        ],
        "tags": [
          "chrome",
          "browser",
          "internet",
          "brand"
        ],
        "defaultCode": 60121,
        "grid": 16,
        "attrs": []
      },
      "attrs": [],
      "properties": {
        "ligatures": "chrome, browser",
        "name": "chrome",
        "order": 5,
        "id": 474,
        "prevSize": 32,
        "code": 60121
      },
      "setIdx": 0,
      "setId": 1,
      "iconIdx": 473
    },
    {
      "icon": {
        "paths": [
          "M1022.526 334.14l-11.86 76.080c0 0-16.954-140.856-37.732-193.514-31.846-80.688-46.014-80.040-46.108-79.922 21.33 54.204 17.462 83.324 17.462 83.324s-37.792-102.998-137.712-135.768c-110.686-36.282-170.57-26.364-177.488-24.486-1.050-0.008-2.064-0.010-3.030-0.010 0.818 0.062 1.612 0.146 2.426 0.212-0.034 0.020-0.090 0.042-0.082 0.052 0.45 0.548 122.306 21.302 143.916 50.996 0 0-51.76 0-103.272 14.842-2.328 0.666 189.524 23.964 228.746 215.674 0 0-21.030-43.876-47.040-51.328 17.106 52.036 12.714 150.776-3.576 199.85-2.096 6.312-4.24-27.282-36.328-41.75 10.28 73.646-0.616 190.456-51.708 222.632-3.982 2.504 32.030-115.31 7.242-69.762-142.708 218.802-311.404 100.972-387.248 49.11 38.866 8.462 112.654-1.318 145.314-25.612 0.042-0.030 0.078-0.056 0.118-0.086 35.468-24.252 56.472-41.964 75.334-37.772 18.874 4.214 31.438-14.726 16.78-31.53-14.676-16.838-50.314-39.978-98.524-27.366-34 8.904-76.134 46.522-140.448 8.432-49.364-29.25-54.012-53.546-54.45-70.376 1.218-5.966 2.754-11.536 4.576-16.624 5.682-15.87 22.912-20.658 32.494-24.438 16.256 2.792 30.262 7.862 44.968 15.406 0.19-4.894 0.252-11.39-0.018-18.76 1.41-2.802 0.538-11.252-1.722-21.58-1.302-10.308-3.42-20.974-6.752-30.692 0.012-0.002 0.020-0.010 0.030-0.014 0.056-0.018 0.108-0.040 0.156-0.070 0.078-0.044 0.146-0.112 0.208-0.19 0.012-0.020 0.030-0.034 0.044-0.052 0.082-0.124 0.154-0.272 0.198-0.466 1.020-4.618 12.022-13.524 25.718-23.1 12.272-8.58 26.702-17.696 38.068-24.752 10.060-6.248 17.72-10.882 19.346-12.098 0.618-0.466 1.358-1.012 2.164-1.636 0.15-0.116 0.3-0.232 0.454-0.354 0.094-0.074 0.19-0.148 0.286-0.226 5.41-4.308 13.484-12.448 15.178-29.578 0.004-0.042 0.010-0.080 0.012-0.122 0.050-0.504 0.092-1.014 0.13-1.534 0.028-0.362 0.050-0.726 0.072-1.096 0.014-0.284 0.032-0.566 0.044-0.856 0.030-0.674 0.050-1.364 0.060-2.064 0-0.040 0.002-0.076 0.004-0.116 0.022-1.658-0.006-3.386-0.104-5.202-0.054-1.014-0.126-1.93-0.298-2.762-0.008-0.044-0.018-0.092-0.028-0.136-0.018-0.082-0.036-0.164-0.058-0.244-0.036-0.146-0.076-0.292-0.122-0.43-0.006-0.018-0.010-0.032-0.016-0.046-0.052-0.16-0.112-0.314-0.174-0.464-0.004-0.006-0.004-0.010-0.006-0.016-1.754-4.108-8.32-5.658-35.442-6.118-0.026-0.002-0.050-0.002-0.076-0.002v0c-11.066-0.188-25.538-0.194-44.502-0.118-33.25 0.134-51.628-32.504-57.494-45.132 8.040-44.46 31.276-76.142 69.45-97.626 0.722-0.406 0.58-0.742-0.274-0.978 7.464-4.514-90.246-0.124-135.186 57.036-39.888-9.914-74.654-9.246-104.616-2.214-5.754-0.162-12.924-0.88-21.434-2.652-19.924-18.056-48.448-51.402-49.976-91.208 0 0-0.092 0.072-0.252 0.204-0.020-0.382-0.056-0.76-0.072-1.142 0 0-60.716 46.664-51.628 173.882-0.022 2.036-0.064 3.986-0.12 5.874-16.432 22.288-24.586 41.020-25.192 45.156-14.56 29.644-29.334 74.254-41.356 141.98 0 0 8.408-26.666 25.284-56.866-12.412 38.022-22.164 97.156-16.436 185.856 0 0 1.514-19.666 6.874-47.994 4.186 55.010 22.518 122.924 68.858 202.788 88.948 153.32 225.67 230.74 376.792 242.616 26.836 2.212 54.050 2.264 81.424 0.186 2.516-0.178 5.032-0.364 7.55-0.574 30.964-2.174 62.134-6.852 93.238-14.366 425.172-102.798 378.942-616.198 378.942-616.198z"
        ],
        "tags": [
          "firefox",
          "browser",
          "internet",
          "brand"
        ],
        "defaultCode": 60122,
        "grid": 16,
        "attrs": []
      },
      "attrs": [],
      "properties": {
        "ligatures": "firefox, browser2",
        "name": "firefox",
        "order": 6,
        "id": 475,
        "prevSize": 32,
        "code": 60122
      },
      "setIdx": 0,
      "setId": 1,
      "iconIdx": 474
    },
    {
      "icon": {
        "paths": [
          "M734.202 628.83h236.050c1.82-16.37 2.548-33.098 2.548-50.196 0-80.224-21.534-155.468-59.124-220.266 38.88-103.308 37.492-190.988-14.556-243.39-49.496-49.28-182.29-41.28-332.412 25.198-11.104-0.84-22.318-1.272-33.638-1.272-206.048 0-378.926 141.794-426.708 332.85 64.638-82.754 132.638-142.754 223.478-186.448-8.26 7.74-56.454 55.652-64.56 63.764-239.548 239.478-315.090 552.306-233.806 633.604 61.786 61.774 173.758 51.342 302.376-11.648 59.806 30.458 127.5 47.63 199.218 47.63 193.134 0 356.804-124.316 416.090-297.448h-237.868c-32.734 60.382-96.748 101.48-170.218 101.48-73.468 0-137.484-41.098-170.216-101.48-14.55-27.274-22.914-58.554-22.914-91.656v-0.722h386.26zM348.302 512.804c5.456-97.11 86.2-174.584 184.766-174.584s179.312 77.472 184.766 174.584h-369.532zM896.966 163.808c33.526 33.88 32.688 96.214 4.012 174.022-49.136-74.908-120.518-133.936-204.792-167.64 90.106-38.638 163.406-43.756 200.78-6.382zM93.482 967.256c-42.782-42.796-29.884-132.618 25.23-240.832 34.308 96.27 101.156 177.090 187.336 229.154-95.43 43.318-173.536 50.674-212.566 11.678z"
        ],
        "tags": [
          "IE",
          "browser",
          "internet-explorer",
          "brand"
        ],
        "defaultCode": 60123,
        "grid": 16,
        "attrs": []
      },
      "attrs": [],
      "properties": {
        "ligatures": "IE, browser3",
        "name": "IE",
        "order": 7,
        "id": 476,
        "prevSize": 32,
        "code": 60123
      },
      "setIdx": 0,
      "setId": 1,
      "iconIdx": 475
    },
    {
      "icon": {
        "paths": [
          "M15.4 454.6c30-236.8 191.6-451.6 481.2-454.6 174.8 3.4 318.6 82.6 404.2 233.6 43 78.8 56.4 161.6 59.2 253v107.4h-642.6c3 265 390 256 556.6 139.2v215.8c-97.6 58.6-319 111-490.4 43.6-146-54.8-250-207.6-249.4-354.6-4.8-190.6 94.8-316.8 249.4-388.6-32.8 40.6-57.8 85.4-70.8 163h362.8c0 0 21.2-216.8-205.4-216.8-213.6 7.4-367.6 131.6-454.8 259v0z"
        ],
        "tags": [
          "edge",
          "browser",
          "brand"
        ],
        "defaultCode": 60124,
        "grid": 16,
        "attrs": []
      },
      "attrs": [],
      "properties": {
        "name": "edge",
        "ligatures": "edge, browser4",
        "order": 8,
        "id": 477,
        "prevSize": 32,
        "code": 60124
      },
      "setIdx": 0,
      "setId": 1,
      "iconIdx": 476
    },
    {
      "icon": {
        "paths": [
          "M512 0c-282.8 0-512 229.2-512 512s229.2 512 512 512 512-229.2 512-512-229.2-512-512-512zM958.4 472.8l-1-10.6c0.2 3.6 0.6 7 1 10.6zM888.4 268.8l-7.2-10.8c2.4 3.6 4.8 7.2 7.2 10.8zM860.6 230.6l-4.4-5.4c1.6 1.8 3 3.6 4.4 5.4zM798.6 167.6l-5.4-4.4c2 1.6 3.6 3 5.4 4.4zM766 142.8l-10.8-7.2c3.6 2.4 7.2 4.8 10.8 7.2zM561.8 66.8l-10.8-1c3.6 0.2 7.2 0.6 10.8 1zM472.8 65.6l-10.8 1c3.6-0.2 7.2-0.6 10.8-1zM268.8 135.6l-10.8 7.2c3.6-2.4 7.2-4.8 10.8-7.2zM230.6 163.4l-5.2 4.2c1.8-1.4 3.4-2.8 5.2-4.2zM167.6 225.4l-4.4 5.4c1.6-1.8 3-3.6 4.4-5.4zM142.8 258l-7.2 10.8c2.4-3.6 4.8-7.2 7.2-10.8zM66.8 462.2l-1 10.8c0.2-3.6 0.6-7.2 1-10.8zM65.6 551.2l1 10.8c-0.2-3.6-0.6-7.2-1-10.8zM135.6 755l7.2 10.8c-2.4-3.4-4.8-7-7.2-10.8zM144 767.6l79.8-53.4-8.8-13.4-79.8 53.4c-36.2-56.2-60-120.8-68-190.4l47.8-4.8-1.6-16-47.8 4.8c-0.8-9.2-1.2-18.6-1.4-28h96v-16h-96c0.2-9.4 0.6-18.6 1.4-28l47.8 4.6 1.6-16-47.8-4.6c8-69.6 32-134.2 68.2-190.4l79.8 53.4 8.8-13.4-80-53c5.4-7.6 10.8-15.2 16.6-22.4l37 30.4 10.2-12.4-37-30.4c6-7.2 12.4-14 18.8-20.8l67.8 67.8 11.4-11.4-67.8-67.8c6.8-6.4 13.6-12.8 20.6-18.8l30.4 37.2 12.4-10.2-30.4-37c7.4-5.8 14.8-11.4 22.4-16.8l53.4 79.8 13.4-8.8-53.4-79.8c56.2-36.2 120.8-60 190.4-68l4.8 47.8 16-1.6-4.8-47.8c9.2-0.8 18.6-1.2 28-1.4v96h16v-96c9.4 0.2 18.6 0.6 28 1.4l-4.6 47.8 16 1.6 4.6-47.8c69.6 8 134.2 32 190.4 68.2l-53.4 79.8 13.4 8.8 53.4-79.8c7.6 5.4 15.2 10.8 22.4 16.6l-30.4 37 12.4 10.2 30.4-37c7.2 6 14 12.4 20.8 18.8l-25.6 25-350 233.4-233.4 350-25 25c-6.4-6.8-12.8-13.6-18.8-20.6l37-30.4-10.2-12.4-37 30.4c-5.8-7.2-11.2-14.8-16.6-22.4zM167.6 798.6c-1.4-1.8-2.8-3.4-4.2-5.2l4.2 5.2zM225.4 856.4l5.2 4.2c-1.8-1.4-3.4-2.8-5.2-4.2zM258 881l10.8 7.2c-3.6-2.2-7.2-4.6-10.8-7.2zM462.2 957.2l10.8 1c-3.6-0.2-7.2-0.6-10.8-1zM551.2 958.4l10.6-1c-3.6 0.2-7 0.6-10.6 1zM755.2 888.4l10.8-7.2c-3.6 2.4-7.2 4.8-10.8 7.2zM793.4 860.6l5.4-4.4c-1.8 1.6-3.6 3-5.4 4.4zM828.4 829.2l0.8-0.8c-0.2 0.2-0.6 0.6-0.8 0.8zM856.4 798.6l4.4-5.4c-1.6 1.8-3 3.6-4.4 5.4zM863.4 790l-37-30.4-10.2 12.4 37 30.4c-6 7.2-12.4 14-18.8 20.8l-67.8-67.8-11.4 11.4 67.8 67.8c-6.8 6.4-13.6 12.8-20.6 18.8l-30.4-37.2-12.4 10.2 30.4 37c-7.4 5.8-14.8 11.4-22.4 16.8l-53.4-79.8-13.4 8.8 53.4 79.8c-56.2 36.2-120.8 60-190.4 68l-4.8-47.8-16 1.6 4.8 47.8c-9.2 0.8-18.6 1.2-28 1.4v-96h-16v96c-9.4-0.2-18.6-0.6-28-1.4l4.6-47.8-16-1.6-4.6 47.8c-69.6-8-134.2-32-190.4-68.2l53.4-79.8-13.4-8.8-53 79.8c-7.6-5.4-15.2-10.8-22.4-16.6l30.4-37-12.4-10.2-30.4 37c-7.2-6-14-12.4-20.8-18.8l25.2-25 350-233.4 233.4-350 25-25c6.4 6.8 12.8 13.6 18.8 20.6l-37 30.4 10.2 12.4 37-30.4c5.8 7.4 11.4 14.8 16.8 22.4l-79.8 53.4 8.8 13.4 79.8-53.4c36.2 56.2 60 120.8 68 190.4l-47.8 4.8 1.6 16 47.8-4.8c0.8 9.2 1.2 18.6 1.4 28h-96v16h96c-0.2 9.4-0.6 18.6-1.4 28l-47.8-4.6-1.6 16 47.8 4.6c-8 69.6-32 134.2-68.2 190.4l-79.8-53.4-8.8 13.4 79.8 53.4c-5.2 7.2-10.8 14.6-16.6 22zM958.4 551c-0.4 3.6-0.6 7.2-1 10.8l1-10.8zM888.4 755.2c-2.4 3.6-4.8 7.2-7.2 10.8l7.2-10.8z",
          "M432.535 71.075l18.73 94.157-15.693 3.122-18.73-94.157 15.693-3.122z",
          "M591.656 952.95l-18.73-94.157 15.693-3.122 18.73 94.157-15.693 3.122z",
          "M389.628 80.89l13.939 45.931-15.31 4.646-13.939-45.931 15.31-4.646z",
          "M634.434 942.887l-13.939-45.931 15.31-4.646 13.939 45.931-15.31 4.646z",
          "M348.014 95.099l36.739 88.694-14.782 6.123-36.739-88.694 14.782-6.123z",
          "M676.123 928.965l-36.739-88.694 14.782-6.123 36.739 88.694-14.782 6.123z",
          "M293.62 120.659l14.11-7.544 22.632 42.331-14.11 7.544-22.632-42.331z",
          "M730.101 903.289l-14.11 7.544-22.632-42.331 14.11-7.544 22.632 42.331z",
          "M120.601 293.826l42.336 22.622-7.541 14.112-42.336-22.622 7.541-14.112z",
          "M903.244 730.195l-42.336-22.622 7.541-14.112 42.336 22.622-7.541 14.112z",
          "M183.811 384.623l-88.694-36.739 6.123-14.782 88.694 36.739-6.123 14.782z",
          "M840.32 639.301l88.694 36.739-6.123 14.782-88.694-36.739 6.123-14.782z",
          "M85.543 374.387l45.936 13.93-4.643 15.312-45.936-13.93 4.643-15.312z",
          "M938.308 649.667l-45.936-13.93 4.643-15.312 45.936 13.93-4.643 15.312z",
          "M74.069 416.782l94.157 18.73-3.122 15.693-94.157-18.73 3.122-15.693z",
          "M949.741 607.243l-94.157-18.73 3.122-15.693 94.157 18.73-3.122 15.693z",
          "M70.965 591.548l94.157-18.73 3.122 15.693-94.157 18.73-3.122-15.693z",
          "M952.842 432.427l-94.157 18.73-3.122-15.693 94.157-18.73 3.122 15.693z",
          "M80.974 634.514l45.931-13.939 4.646 15.31-45.931 13.939-4.646-15.31z",
          "M942.969 389.707l-45.931 13.939-4.646-15.31 45.931-13.939 4.646 15.31z",
          "M101.142 690.912l-6.123-14.782 88.694-36.739 6.123 14.782-88.694 36.739z",
          "M922.794 333.231l6.122 14.782-88.694 36.73-6.122-14.782 88.694-36.73z",
          "M120.824 730.267l-7.544-14.11 42.331-22.632 7.544 14.11-42.331 22.632z",
          "M903.455 293.785l7.544 14.11-42.331 22.632-7.544-14.11 42.331-22.632z",
          "M307.878 910.846l-14.11-7.542 22.627-42.331 14.11 7.542-22.627 42.331z",
          "M716.073 113.074l14.112 7.541-22.622 42.336-14.112-7.541 22.622-42.336z",
          "M333.267 922.799l36.739-88.694 14.782 6.123-36.739 88.694-14.782-6.123z",
          "M690.884 101.11l-36.739 88.694-14.782-6.123 36.739-88.694 14.782 6.123z",
          "M389.634 943.028l-15.31-4.645 13.934-45.931 15.31 4.645-13.934 45.931z",
          "M634.349 80.882l15.312 4.642-13.925 45.936-15.312-4.642 13.925-45.936z",
          "M432.472 952.839l-15.693-3.122 18.73-94.157 15.693 3.122-18.73 94.157z",
          "M591.536 70.969l15.693 3.122-18.73 94.157-15.693-3.122 18.73-94.157z"
        ],
        "tags": [
          "safari",
          "browser",
          "internet",
          "brand"
        ],
        "defaultCode": 60125,
        "grid": 16,
        "attrs": []
      },
      "attrs": [],
      "properties": {
        "ligatures": "safari, browser5",
        "name": "safari",
        "order": 9,
        "id": 478,
        "prevSize": 32,
        "code": 60125
      },
      "setIdx": 0,
      "setId": 1,
      "iconIdx": 477
    },
    {
      "icon": {
        "paths": [
          "M1024 512v0 0c0 151.6-66 288-170.8 381.6-131.4 64-253.8 19.2-294.2-8.8 129-28.2 226.4-184.2 226.4-372.8s-97.4-344.6-226.4-373c40.6-28 163-72.8 294.2-8.8 104.8 93.8 170.8 230.2 170.8 381.8v0 0z",
          "M343.4 223.4c-56.6 66.8-93.2 165.6-95.6 276.6 0 0.2 0 23.8 0 24.2 2.4 110.8 39.2 209.6 95.8 276.4 73.4 95.4 182.6 155.8 304.6 155.8 75 0 145.2-22.8 205.2-62.6-90.8 81-210.4 130.2-341.4 130.2-8.2 0-16.4-0.2-24.4-0.6-271.4-12.8-487.6-236.8-487.6-511.4 0-282.8 229.2-512 512-512 0.6 0 1.2 0 2 0 130.4 0.4 249.2 49.6 339.4 130.4-60-39.8-130.2-62.8-205.2-62.8-122 0-231.2 60.4-304.8 155.8z"
        ],
        "tags": [
          "opera",
          "browser",
          "internet",
          "brand"
        ],
        "defaultCode": 60126,
        "grid": 16,
        "attrs": []
      },
      "attrs": [],
      "properties": {
        "ligatures": "opera, browser6",
        "name": "opera",
        "order": 10,
        "id": 479,
        "prevSize": 32,
        "code": 60126
      },
      "setIdx": 0,
      "setId": 1,
      "iconIdx": 478
    },
    {
      "icon": {
        "paths": [
          "M60.538 0l82.144 921.63 368.756 102.37 369.724-102.524 82.3-921.476h-902.924zM784.63 301.428h-432.54l10.302 115.75h411.968l-31.042 347.010-231.844 64.254-231.572-64.254-15.83-177.512h113.494l8.048 90.232 125.862 33.916 0.278-0.078 125.934-33.992 13.070-146.55h-391.74l-30.494-341.8h566.214l-10.108 113.024z"
        ],
        "tags": [
          "html-five",
          "w3c"
        ],
        "defaultCode": 60132,
        "grid": 16,
        "attrs": []
      },
      "attrs": [],
      "properties": {
        "ligatures": "html-five, w3c",
        "name": "html-five",
        "order": 4,
        "id": 485,
        "prevSize": 32,
        "code": 60132
      },
      "setIdx": 0,
      "setId": 1,
      "iconIdx": 484
    },
    {
      "icon": {
        "paths": [
          "M152.388 48.522l-34.36 171.926h699.748l-21.884 111.054h-700.188l-33.892 171.898h699.684l-39.018 196.064-282.012 93.422-244.4-93.422 16.728-85.042h-171.898l-40.896 206.352 404.226 154.704 466.006-154.704 153.768-772.252z"
        ],
        "tags": [
          "css3",
          "w3c"
        ],
        "defaultCode": 60134,
        "grid": 16,
        "attrs": []
      },
      "attrs": [],
      "properties": {
        "ligatures": "css3, w3c3",
        "name": "css3",
        "order": 2,
        "id": 487,
        "prevSize": 32,
        "code": 60134
      },
      "setIdx": 0,
      "setId": 1,
      "iconIdx": 486
    }
  ],
  "height": 1024,
  "metadata": {
    "name": "icomoon-oncean"
  },
  "preferences": {
    "showGlyphs": true,
    "showQuickUse": true,
    "showQuickUse2": true,
    "showSVGs": true,
    "fontPref": {
      "prefix": "icon-",
      "metadata": {
        "fontFamily": "icomoon-oncean",
        "majorVersion": 1,
        "minorVersion": 0
      },
      "metrics": {
        "emSize": 1024,
        "baseline": 6.25,
        "whitespace": 50
      },
      "embed": false,
      "cssVars": true,
      "cssVarsFormat": "scss",
      "includeMetadata": true,
      "showSelector": false,
      "showMetrics": false,
      "showMetadata": false,
      "showVersion": false
    },
    "imagePref": {
      "prefix": "icon-",
      "png": true,
      "useClassSelector": true,
      "color": 0,
      "bgColor": 16777215,
      "classSelector": ".icon"
    },
    "historySize": 50,
    "showCodes": true,
    "gridSize": 16
  }
}